Usage,Method,Serotype,Target,Set,Primer_Note,Primer_Name,Sequence,Position_start,Position_end,Primer_Size,Referrence,Off_target_subgenotype
Detection,PCR,Universal,C-prM,Lanciotti_1992,,D1,TCAATATGCTGAAACGCGCGAGAAACCG,134,161,27,Journal of Clinical Microbiology;1992;30:545-551,
Detection,PCR,Universal,C-prM,Lanciotti_1992,,D2,TTGCACCAACAGTCAATGTCTTCAGGTTC,616,644,28,Journal of Clinical Microbiology;1992;30:545-551,
Detection,PCR,D1,C-prM,Lanciotti_1992,,TS1,CGTCTCAGTGATCCGGGGG,568,586,18,Journal of Clinical Microbiology;1992;30:545-551,
Detection,PCR,D2,C-prM,Lanciotti_1992,,TS2,CGCCACAAGGGCCATGAACAG,232,252,20,Journal of Clinical Microbiology;1992;30:545-551,
Detection,PCR,D3,C-prM,Lanciotti_1992,,TS3,TAACATCATCATGAGACAGAGC,400,421,21,Journal of Clinical Microbiology;1992;30:545-551,
Detection,PCR,D4,C-prM,Lanciotti_1992,,TS4,CTCTGTTGTCTTAAACAAGAGA,506,527,21,Journal of Clinical Microbiology;1992;30:545-551,
Detection,PCR,Universal,,Chutinimitkul_2005,,Den_F,TTAGAGGAGACCCCTCCC,,,,Journal of Virological Methods;2005;129:8-15,
Detection,PCR,Universal,,Chutinimitkul_2005,,Den_R,TCTCCTCTAACCTCTAGTCC,,,,Journal of Virological Methods;2005;129:8-15,
Detection,PCR,Universal,NS5,SanchezSeco_2005,,Flavi1+,GAYYTIGGITGYGGIIGIGGIRGITGG,7871,,,Journal of Virological Methods;2005;126:101-109,
Detection,PCR,Universal,NS5,SanchezSeco_2005,,Flavi1-,TCCCAICCIGCIRTRTCRTCIGC,9255,,,Journal of Virological Methods;2005;126:101-109,
Detection,PCR,Universal,NS5,SanchezSeco_2005,,Flavi2+,YGYRTIYAYWCAYSATGGG,8987,,,Journal of Virological Methods;2005;126:101-109,
Detection,PCR,Universal,NS5,SanchezSeco_2005,,Flavi2-,CCARTGITCYKYRTTIAIRAAICC,9130,,,Journal of Virological Methods;2005;126:101-109,
Detection,qPCR,D1,NS5,Gubler_2002,USCDC,D1-F,CAAAAGGAAGTCTGTGCAATA,8936,8955,,Trends in Microbiology;2002;10:100-103,
Detection,qPCR,D1,NS5,Gubler_2002,USCDC,D1-R,CTGAGTGAATTCTCTCTACTGAAC,9023,9047,,Trends in Microbiology;2002;10:100-103,
Detection,qPCR,D1,NS5,Gubler_2002,USCDC,D1-Probe,CATGTGGTTGGGAGCACGC,8961,8979,,Trends in Microbiology;2002;10:100-103,
